{"count":1,"self":74.840608,"total":115.9437976,"children":{"InitializeActuators":{"count":1,"self":0.0020138,"total":0.0020138,"children":null},"InitializeSensors":{"count":1,"self":0.0020629999999999997,"total":0.0020629999999999997,"children":null},"AgentSendState":{"count":16301,"self":0.39118949999999997,"total":0.6122911,"children":{"CollectObservations":{"count":3261,"self":0.0132967,"total":0.0132967,"children":null},"WriteActionMask":{"count":3261,"self":0.0112969,"total":0.0112969,"children":null},"RequestDecision":{"count":3261,"self":0.0497361,"total":0.196508,"children":{"AgentInfo.ToProto":{"count":3261,"self":0.039205699999999996,"total":0.14677189999999998,"children":{"GenerateSensorData":{"count":3261,"self":0.085213699999999989,"total":0.1075662,"children":{"RayPerceptionSensor.Perceive":{"count":3261,"self":0.022352499999999997,"total":0.022352499999999997,"children":null}}}}}}}}},"DecideAction":{"count":16301,"self":40.256502399999995,"total":40.256502,"children":null},"AgentAct":{"count":16301,"self":0.2294032,"total":0.2294032,"children":null},"AgentInfo.ToProto":{"count":27,"self":0,"total":0.00091349999999999992,"children":{"GenerateSensorData":{"count":27,"self":0.00091349999999999992,"total":0.00091349999999999992,"children":{"RayPerceptionSensor.Perceive":{"count":27,"self":0,"total":0,"children":null}}}}}},"gauges":{"MazeRunner.CumulativeReward":{"count":27,"max":-1.0025,"min":-2.17015433,"runningAverage":-1.10560465,"value":-1.0025,"weightedAverage":-1.09609783}},"metadata":{"timer_format_version":"0.1.0","start_time_seconds":"1709683181","unity_version":"2023.1.20f1","command_line_arguments":"C:\\Program Files\\Unity\\Hub\\Editor\\2023.1.20f1\\Editor\\Unity.exe -projectpath C:\\Homework\\Quarter 6\\Ai\\GAT420-AI-ML -useHub -hubIPC -cloudEnvironment production","communication_protocol_version":"1.5.0","com.unity.ml-agents_version":"3.0.0-exp.1","scene_name":"MazeScene","end_time_seconds":"1709683297"}}